Id,Name
AkshayKumar_0.jpg,Akshay Kumar
AkshayKumar_1.jpg,Akshay Kumar
AkshayKumar_2.jpg,Akshay Kumar
AkshayKumar_3.jpg,Akshay Kumar
AkshayKumar_4.jpg,Akshay Kumar
AkshayKumar_5.jpg,Akshay Kumar
AlexandraDaddario_0.jpg,Alexandra Daddario
AlexandraDaddario_1.jpg,Alexandra Daddario
AlexandraDaddario_2.jpg,Alexandra Daddario
AlexandraDaddario_3.jpg,Alexandra Daddario
AlexandraDaddario_4.jpg,Alexandra Daddario
AlexandraDaddario_5.jpg,Alexandra Daddario
AliaBhatt_0.jpg,Alia Bhatt
AliaBhatt_1.jpg,Alia Bhatt
AliaBhatt_2.jpg,Alia Bhatt
AliaBhatt_3.jpg,Alia Bhatt
AliaBhatt_4.jpg,Alia Bhatt
AliaBhatt_5.jpg,Alia Bhatt
AmitabhBachchan_0.jpg,Amitabh Bachchan
AmitabhBachchan_1.jpg,Amitabh Bachchan
AmitabhBachchan_2.jpg,Amitabh Bachchan
AmitabhBachchan_3.jpg,Amitabh Bachchan
AmitabhBachchan_4.jpg,Amitabh Bachchan
AmitabhBachchan_5.jpg,Amitabh Bachchan
Preeti_0.jpg,Preeti
Preeti_1.jpg,Preeti
Preeti_2.jpg,Preeti
Preeti_3.jpg,Preeti
Preeti_4.jpg,Preeti
kalyan_0.jpeg,kalyan
kalyan_1.jpg,kalyan
Hyndavi_1.jpg,Hyndavi
Hyndavi_2.jpg,Hyndavi
Hyndavi_3.jpg,Hyndavi